;;;;;;;;;;;141;;;;;;;;;;;;;;;;;;;;;;;;;;342;;;;;;;;;;;
;;;;;;;;;140;;;;142;;;;;;;;;;;;;;;;;;;;;;343;;;;341;;;;;;;;;
;;;;;;;;;;;;;;;;;;;;;;;;;;;;;;;;;;;;;;;;;;;;;;;;
;;;;;;;139;;;;124;;;;143;;;;;;;;;;;;;;;;;;344;;;;325;;;;340;;;;;;;
;;;;;;;;;;;;;;;;;;;;;;;;;;;;;;;;;;;;;;;;;;;;;;;;
;;;;;;;;;;;;;;;;144;;;;;;;;;;;;;;;;345;;;;;;;;;;;;;;;;
;;;;;;138;;;;123;;;;;;;;;;;;;;;;;;;;;;;;;;;;324;;;;339;;;;;;
;;;;;;;;;;;;;;;;;145;;;;;;;;;;;;;;346;;;;;;;;;;;;;;;;;
;;;;;;;;;;;;;;;;;;;;;;;;;;;;;;;;;;;;;;;;;;;;;;;;
;;;;;137;;;;;;;;;;;;;;;;;;;;;;;;;;;;;;;;;;;;;;338;;;;;
;;;;;;;;;;122;;115;114;;;;146;;;;;;;;;;;;;;347;;;;315;316;;323;;;;;;;;;;
;;;;;;;;;;;116;;;113;;;;;;;;;;;;;;;;;;;;314;;;317;;;;;;;;;;;
;;;;;136;;;;;117;;;;;;;;;;;;;;;;;;;;;;;;;;;;318;;;;;337;;;;;
;;;;;;;;;118;;;;;;112;;147;;;;;;;;;;;;;;348;;313;;;;;;319;;;;;;;;;
;;;;;;;;119;;;;;;;;;;;;;;;;;;;;;;;;;;;;;;;;320;;;;;;;;
;;;;;135;;120;;;;;;;;;111;;;;;;;;;;;;;;;;312;;;;;;;;;321;;336;;;;;
;;;;;;;;;;;;;;;;;148;;;;;;;;;;;;;;349;;;;;;;;;;;;;;;;;
;;;;;;121;;;;;;;;;;;;;;;;;;;;;;;;;;;;;;;;;;;;322;;;;;;
;;;;;134;;;;;;;;;;;;;;;;;;;;;;;;;;;;;;;;;;;;;;335;;;;;
;;;;;;;;;;;;;;;;;149;;;;;;;;;;;;;;350;;;;;;;;;;;;;;;;;
;;;;;;;;;;;;;;;;;;10;;;;;;;;;;;;210;;;;;;;;;;;;;;;;;;
;;;;;133;;;;;;;;;;;;9;;;11;;;;;;;;211;;;209;;;;;;;;;;;;334;;;;;
;;;;;;;;;;;;;;;;;150;;;;;12;;;;212;;;;;351;;;;;;;;;;;;;;;;;
;;;;;;;;;;;;;;;;8;;;;;;;;;;;;;;;;208;;;;;;;;;;;;;;;;
;;;;;132;;;;;;;;;;;;;;;;110;;13;;213;;311;;;;;;;;;;;;;;;;333;;;;;
;;;;;;;;;;;;;;;7;;151;;;;;;;;;;;;;;352;;207;;;;;;;;;;;;;;;
;;;;;;;;;;;;;;;;;;;;;;;;;;;;;;;;;;;;;;;;;;;;;;;;
;;;;;131;;;;;;;;;6;;;;;;109;;;;14;;;;310;;;;;;206;;;;;;;;;332;;;;;
;;;;;;;;;;;;;;;;;152;;;;;;;;;;;;;;353;;;;;;;;;;;;;;;;;
;;;;;;;;;;;;5;;;;;;;;;;;;;;;;;;;;;;;;205;;;;;;;;;;;;
;;;;;130;;;;;;;;;;;;;;108;;;;15;;214;;;;309;;;;;;;;;;;;;;331;;;;;
;;;;;;;;;;4;;;;;;;153;;;;;;;;;;;;;;354;;;;;;;204;;;;;;;;;;
;;;;;;;;;;;;;;;;;;;;;;16;;;;215;;;;;;;;;;;;;;;;;;;;;;
;;;;;129;;;3;;;;;;;;;;107;;;;;;;;;;;;308;;;;;;;;;;203;;;330;;;;;
;;;;;;;;;;;;;;;;;154;;;17;;38;;;;239;;216;;;355;;;;;;;;;;;;;;;;;
;;;;;;2;;;;;;;;;;;;;;;;;;;;;;;;;;;;;;;;;;;;202;;;;;;
;;;;1;128;;;;;;;;;;;;;;106;;;;;;;;;;307;;;;;;;;;;;;;;329;201;;;;
92;;0;;;;;;;;;;;;;;;155;18;;105;39;;;;;;240;306;;217;356;;;;;;;;;;;;;;;200;;293
;;;;;;;;;;;;;;;;;;;;;;;;;;;;;;;;;;;;;;;;;;;;;;;;
91;;26;;25;127;24;;23;;22;;21;;20;;19;;;;;;;;;;;;;;;;218;;219;;220;;221;;222;;223;328;224;;225;;292
;;;;;;;;;;;;;;;;;156;;;40;;;;;;;;241;;;357;;;;;;;;;;;;;;;;;
90;;;;;;;;;;;;;;;;;;;;;;;;;;;;;;;;;;;;;;;;;;;;;;;;291
;;27;;28;126;;;;;;;;;;;;;;;;;;;;;;;;;;;;;;;;;;;;;;327;227;;226;;
89;;;;;;;;;;;;;;;;;157;;41;;;;;;;;;;242;;358;;;;;;;;;;;;;;;;;290
;;;;;;;;;;;;;;;;;;;;;;;;;;;;;;;;;;;;;;;;;;;;;;;;
88;;;;;125;;;;;;;;;;;;;;;;;;;;;;;;;;;;;;;;;;;;;;326;;;;;289
;;29;;30;;31;;32;;33;;34;;35;;36;158;37;42;;;238;;;;237;;;243;236;359;235;;234;;233;;232;;231;;230;;229;;228;;
87;;;;;;;;;;;;;;;;;;;;;;;;;;;;;;;;;;;;;;;;;;;;;;;;288
;;;;;;;;;;;;;;;;;;;;;;;;;;;;;;;;;;;;;;;;;;;;;;;;
86;;;;;;;93;;;;104;;;;;;159;;43;;;;;;;;;;244;;360;;;;;;305;;;;294;;;;;;;287
;;;;;;;;;;;;;;;;;;;;;;;;;;;;;;;;;;;;;;;;;;;;;;;;
85;;;;;;;94;;;;103;;;;;;;;;;;;;;;;;;;;;;;;;;304;;;;295;;;;;;;286
;;;;;;;;;;;;;;;;;160;;44;;;;;;;;;;245;;361;;;;;;;;;;;;;;;;;
84;;;;;;;95;;;;102;;;;;;;;;;;;;;;;;;;;;;;;;;303;;;;296;;;;;;;285
;;;;;;;;;;;;;;;;;;;;;;;;;;;;;;;;;;;;;;;;;;;;;;;;
83;;;;;;;96;;;;101;;;;;;161;;45;;;;;;;;;;246;;362;;;;;;302;;;;297;;;;;;;284
;;;;;;;;;;;;;;;;;;;;;;;;;;;;;;;;;;;;;;;;;;;;;;;;
82;;;;;;;97;;;;100;;;;;;;;;;;;;;;;;;;;;;;;;;301;;;;298;;;;;;;283
;;;;;;;;;;;;;62;61;60;59;162;;46;;;;;;;;;;247;;363;260;261;262;263;;;;;;;;;;;;;
81;;;;;;;98;;;;;64;63;;;58;;;;;;;;;;;;;;;;259;;;264;265;;;;;299;;;;;;;282
;;;;;;;;;;;65;;;;;57;;;;;;;;;;;;;;;;258;;;;;266;;;;;;;;;;;
80;;;;;;;99;;;66;;;;;;;56;;;47;;;;;;;;248;;;257;;;;;;;267;;;300;;;;;;;281
;;;;;;;;;67;;;;;;;;;55;;;;;;;;;;;;256;;;;;;;;;268;;;;;;;;;
79;;;;;;;;68;;;;;;;;;;;54;;48;;;;;;249;;255;;;;;;;;;;;269;;;;;;;;280
;;;;;;;69;;;;;;;;;;;;;53;;;;;;;;254;;;;;;;;;;;;;270;;;;;;;
78;;;;;;70;;;;;;;;;;;;;;;52;49;;;;250;253;;;;;;;;;;;;;;;271;;;;;;279
;;;;;71;;;;;;;;;;;;;;;;;51;;;;252;;;;;;;;;;;;;;;;;272;;;;;
77;;;;72;;;;;;;;;;;;;;;;;;;50;;251;;;;;;;;;;;;;;;;;;;273;;;;278
;;74;73;;;;;;;;;;;;;;;;;;;;;;;;;;;;;;;;;;;;;;;;;;274;275;;
;75;;;;;;;;;;;;;;;;;;;;;;;;;;;;;;;;;;;;;;;;;;;;;;276;
76;;;;;;;;;;;;;;;;;;;;;;;;;;;;;;;;;;;;;;;;;;;;;;;;277